{
    "name": "Track 1",
    "control_points": [
        [
            31.816906347414385,
            10.601875289821642
        ],
        [
            61.44405106809561,
            9.26445853976443
        ],
        [
            50.993199537221855,
            20.603260738242053
        ],
        [
            32.74280552965229,
            17.110465970932783
        ],
        [
            24.3632067095479,
            21.606605500416066
        ],
        [
            14.243693395799696,
            13.090609784536266
        ],
        [
            14.934841378933065,
            8.625648688744707
        ],
        [
            31.816906347414385,
            10.601875289821642
        ]
    ],
    "track_width": 1.8,
    "start": {
        "x": 46.5135028973453,
        "y": 9.51966566018593,
        "line_width": 1.8,
        "car_angle_deg": -5.456013026717025,
        "line_angle_deg": 84.54398697328297
    },
    "finish": {
        "x": 46.5135028973453,
        "y": 9.51966566018593,
        "line_width": 1.8,
        "line_angle_deg": 84.54398697328297
    }
}